{
    "low": 0.26642367243766785,
    "med": 0.485355406999588
}